title,audienceRating,contentRating,durationHuman,rating,studio,year
2 Fast 2 Furious,,PG-13,1 hr 48 mins,6.4,Mikona Productions GmbH & Co. KG,2003
8 Mile,5.4,R,1 hr 50 mins,7.5,Mikona Productions GmbH & Co. KG,2002
10 Cloverfield Lane,7.9,PG-13,1 hr 44 mins,9,Bad Robot,2016
12 Years a Slave,9,R,2 hrs 14 mins,9.5,Plan B Entertainment,2013
13 Hours,8.2,R,2 hrs 24 mins,5.1,Paramount,2016
21 Jump Street,8.2,R,1 hr 50 mins,8.5,Columbia Pictures,2012
22 Jump Street,7.7,R,1 hr 52 mins,8.4,Columbia Pictures,2014
28 Days Later...,8.5,R,1 hr 58 mins,8.7,DNA Films,2002
The 40-Year-Old Virgin,8.4,R,2 hrs 12 mins,8.5,Universal Pictures,2005
127 Hours,8.5,R,1 hr 34 mins,9.3,Fox Searchlight Pictures,2011
300,8.9,R,1 hr 57 mins,6.1,Virtual Studios,2007
300: Rise of an Empire,5.1,R,1 hr 43 mins,4.5,Legendary Pictures,2014
500 Days of Summer,8.4,PG-13,1 hr 35 mins,8.6,Fox Searchlight Pictures,2009
1917,,R,1 hr 59 mins,8,DreamWorks Pictures,2019
2001: A Space Odyssey,8.9,G,2 hrs 29 mins,9.2,Stanley Kubrick Productions,1968
2012,4.7,PG-13,2 hrs 38 mins,3.9,Columbia Pictures,2009
The A-Team,6.6,PG-13,2 hrs 14 mins,4.9,Phoenix Film Partners,2010
The ABCs of Death,2.3,Not Rated,2 hrs 9 mins,3.7,Magnet Releasing,2013
Ace Ventura: Pet Detective,5.7,PG-13,1 hr 26 mins,4.8,Warner Bros. Pictures,1994
Ace Ventura: When Nature Calls,7.2,PG-13,1 hr 34 mins,2.4,Warner Bros. Pictures,1995
Airplane II: The Sequel,5,PG,1 hr 24 mins,4.2,Paramount,1982
Airplane!,8.9,PG,1 hr 28 mins,9.7,Paramount,1980
Aladdin,9.4,PG,2 hrs 8 mins,5.7,Walt Disney Pictures,2019
Ali G Indahouse,5.4,R,1 hr 27 mins,5.6,Universal Pictures,2002
Alice in Wonderland,8.1,PG,1 hr 49 mins,2.2,Walt Disney Pictures,2010
Alice Through the Looking Glass,4.8,PG,1 hr 53 mins,2.8,Walt Disney Pictures,2016
Alien,,R,1 hr 56 mins,8.1,20th Century Fox,1979
Alien Resurrection,,R,1 hr 56 mins,6.1,20th Century Fox,1997
Alien vs. Predator,3.9,PG-13,1 hr 49 mins,2.1,20th Century Fox,2004
Alien: Covenant,,R,2 hrs 2 mins,6,20th Century Fox,2017
Alien³,,R,2 hrs 25 mins,6.3,20th Century Fox,1992
Aliens,,R,2 hrs 34 mins,7.9,20th Century Fox,1986
Aliens vs. Predator: Requiem,3,R,1 hr 41 mins,1.2,20th Century Fox,2007
Alita: Battle Angel,,PG-13,2 hrs 2 mins,7.2,Lightstorm Entertainment,2019
Allegiant,,PG-13,2 hrs,6.1,Summit Entertainment,2016
The Amazing Spider-Man,,PG-13,2 hrs 16 mins,6.7,Columbia Pictures,2012
The Amazing Spider-Man 2,,PG-13,2 hrs 22 mins,6.5,Columbia Pictures,2014
American Gangster,8.9,R,2 hrs 56 mins,8,Film Rites,2007
American History X,9.6,R,1 hr 59 mins,8.3,New Line Cinema,1998
American Pie,6.1,R,1 hr 36 mins,6.1,Summit Entertainment,1999
American Pie 2,6.8,R,1 hr 51 mins,5.2,Universal Pictures,2001
American Psycho,8.5,R,1 hr 42 mins,6.9,Lions Gate Films,2000
American Sniper,8.4,R,2 hrs 13 mins,7.2,RatPac Entertainment,2015
An American Werewolf in London,8.5,R,1 hr 37 mins,8.9,Universal Pictures,1981
The Amityville Horror,5.2,R,1 hr 59 mins,3,American International Pictures,1979
The Amityville Horror,5.2,R,1 hr 29 mins,2.3,Metro-Goldwyn-Mayer,2005
Anchorman 2: The Legend Continues,5.2,PG-13,2 hrs 23 mins,7.5,Gary Sanchez Productions,2013
Anchorman: The Legend of Ron Burgundy,8.6,PG-13,1 hr 37 mins,6.7,Apatow Productions,2004
Angel Has Fallen,9.3,R,2 hrs 1 min,3.9,Millennium Films,2019
Angels & Demons,5.7,PG-13,2 hrs 19 mins,3.7,Columbia Pictures,2009
Annabelle,,R,1 hr 39 mins,5.7,New Line Cinema,2014
Annabelle Comes Home,,R,1 hr 46 mins,6.4,New Line Cinema,2019
Annabelle: Creation,,R,1 hr 50 mins,6.6,New Line Cinema,2017
Annihilation,6.6,R,1 hr 55 mins,8.8,Paramount,2018
Ant-Man,,PG-13,1 hr 57 mins,7.1,Marvel Studios,2015
Ant-Man and the Wasp,,PG-13,1 hr 58 mins,7,Marvel Studios,2018
Antichrist,5.5,Not Rated,1 hr 49 mins,5.3,Zentropa Entertainments,2009
Apocalypse Now,9.4,R,3 hrs 2 mins,9.8,United Artists,1979
Apocalypto,7.9,R,2 hrs 18 mins,6.5,Icon Entertainment International,2006
Aquaman,,PG-13,2 hrs 23 mins,6.9,Warner Bros. Pictures,2018
Argo,9,R,2 hrs 10 mins,9.6,Warner Bros. Pictures,2012
Army of Darkness,8.7,R,1 hr 29 mins,7.3,Universal Pictures,1992
Army of the Dead,,R,2 hrs 28 mins,6.3,The Stone Quarry,2021
Arrival,8.2,PG-13,1 hr 56 mins,9.4,Paramount,2016
Assassin's Creed,,PG-13,1 hr 56 mins,5.4,Regency Enterprises,2016
Audition,8,R,1 hr 55 mins,8.3,Basara Pictures,2000
Austin Powers in Goldmember,4.4,PG-13,1 hr 35 mins,5.3,New Line Cinema,2002
Austin Powers: International Man of Mystery,7.7,PG-13,1 hr 30 mins,7.4,New Line Cinema,1997
Austin Powers: The Spy Who Shagged Me,7.1,PG-13,1 hr 35 mins,5.2,New Line Cinema,1999
Avatar,8.2,PG-13,2 hrs 58 mins,8.2,Dune Entertainment,2009
The Avengers,,PG-13,2 hrs 23 mins,7.7,Marvel Studios,2012
Avengers: Age of Ultron,,PG-13,2 hrs 21 mins,7.3,Marvel Studios,2015
Avengers: Endgame,,PG-13,3 hrs 1 min,8.3,Marvel Studios,2019
Avengers: Infinity War,,PG-13,2 hrs 29 mins,8.3,Marvel Studios,2018
Baby Driver,,R,1 hr 53 mins,7.5,Big Talk Productions,2017
Back to the Future,,PG,1 hr 56 mins,8.3,Universal Pictures,1985
Back to the Future Part II,,PG,1 hr 48 mins,7.7,Universal Pictures,1989
Back to the Future Part III,,PG,1 hr 58 mins,7.4,Universal Pictures,1990
Bad Boys,7.8,R,1 hr 59 mins,4.2,Columbia Pictures,1995
Bad Boys for Life,9.6,R,2 hrs 4 mins,7.6,Columbia Pictures,2020
Bad Boys II,7.8,R,2 hrs 27 mins,2.3,Columbia Pictures,2003
Bad Moms,6.3,R,1 hr 41 mins,5.8,STX Entertainment,2016
A Bad Moms Christmas,4.4,R,1 hr 45 mins,3.2,Universal Pictures,2017
Barb Wire,1.4,R,1 hr 40 mins,2.8,Propaganda Films,1996
Barbershop,6.2,PG-13,1 hr 42 mins,8.3,Metro-Goldwyn-Mayer,2002
Barbershop 2: Back in Business,4.8,PG-13,1 hr 46 mins,6.9,Metro-Goldwyn-Mayer,2004
Barbershop: The Next Cut,6.6,PG-13,1 hr 52 mins,9,New Line Cinema,2016
Batman,8.4,PG-13,2 hrs 6 mins,7.2,Warner Bros. Pictures,1989
The Batman,8.7,PG-13,2 hrs 56 mins,8.5,Warner Bros. Pictures,2022
Batman & Robin,1.6,PG-13,2 hrs 5 mins,1.2,Warner Bros. Pictures,1997
Batman Begins,,PG-13,2 hrs 20 mins,7.7,Warner Bros. Pictures,2005
Batman Forever,3.2,PG-13,2 hrs 2 mins,3.9,Warner Bros. Pictures,1995
Batman Returns,7.3,PG-13,2 hrs 6 mins,8,Warner Bros. Pictures,1992
Batman v Superman: Dawn of Justice,,PG-13,3 hrs 3 mins,5.9,Warner Bros. Pictures,2016
Batman: The Dark Knight,,PG-13,2 hrs 32 mins,8.5,Warner Bros. Pictures,2008
Batman: The Dark Knight Rises,,PG-13,2 hrs 45 mins,7.8,Warner Bros. Pictures,2012
Battle Los Angeles,4.8,PG-13,1 hr 56 mins,3.7,Columbia Pictures,2011
Battle Royale [Dual Audio],8.9,Not Rated,2 hrs 2 mins,8.8,Kobi Co.,2000
Baywatch,6.3,R,2 hrs 1 min,1.7,Uncharted,2017
A Beautiful Mind,9.3,PG-13,2 hrs 16 mins,7.4,DreamWorks Pictures,2001
Beauty and the Beast,8,PG,2 hrs 9 mins,7.1,Walt Disney Pictures,2017
Beverly Hills Cop,8.2,R,1 hr 45 mins,8.3,Paramount,1984
Beverly Hills Cop II,5.7,R,1 hr 43 mins,4.7,Eddie Murphy Productions,1987
Beverly Hills Cop III,3.5,R,1 hr 44 mins,0.9,Paramount,1994
The Big Blue,9.3,PG-13,2 hrs 48 mins,6.2,Gaumont,1988
The Big Sick,8.8,R,1 hr 60 mins,9.8,Amazon Studios,2017
Bill & Ted Face the Music,6.5,PG-13,1 hr 32 mins,8.2,FGM Entertainment,2020
Bill & Ted's Bogus Journey,5.6,PG,1 hr 34 mins,5.6,Orion Pictures,1991
Bill & Ted's Excellent Adventure,7.5,PG,1 hr 30 mins,8.1,Orion Pictures,1989
Bird Box,,R,2 hrs 4 mins,6.9,Bluegrass Films,2018
Birds of Prey (and the Fantabulous Emancipation of One Harley Quinn),,R,1 hr 49 mins,7,Warner Bros. Pictures,2020
Black Christmas,7.5,R,1 hr 38 mins,7.1,August Films,1974
Black Hawk Down,8.8,R,2 hrs 32 mins,7.7,Jerry Bruckheimer Films,2002
Black Panther,,PG-13,2 hrs 15 mins,7.4,Marvel Studios,2018
Black Widow,,PG-13,2 hrs 14 mins,7.5,Marvel Studios,2021
Blade,7.8,R,2 hrs,5.7,New Line Cinema,1998
Blade II,6.8,R,1 hr 57 mins,5.8,New Line Cinema,2002
Blade Runner,9.1,R,1 hr 58 mins,8.9,Shaw Brothers,1982
Blade Runner 2049,8.1,R,2 hrs 44 mins,8.8,Torridon Films,2017
Blade: Trinity,5.8,R,2 hrs 2 mins,2.5,New Line Cinema,2004
Blair Witch,,R,1 hr 29 mins,5.2,Vertigo Entertainment,2016
The Blair Witch Project,,R,1 hr 21 mins,6.3,Artisan Entertainment,1999
Blazing Saddles,9.1,R,1 hr 33 mins,8.9,Warner Bros. Pictures,1974
Blockers,5.1,R,1 hr 42 mins,8.4,Hurwitz & Schlossberg Productions,2018
Bloodshot,7.8,PG-13,1 hr 49 mins,3,Columbia Pictures,2020
The Bob's Burgers Movie,8.9,PG-13,1 hr 42 mins,8.7,Bento Box Entertainment,2022
Bohemian Rhapsody,8.5,PG-13,2 hrs 15 mins,6,20th Century Fox,2018
Bone Tomahawk,7.4,Not Rated,2 hrs 12 mins,9.1,Caliber Media Company,2015
The Book of Eli,6.4,R,1 hr 58 mins,4.7,Alcon Entertainment,2010
Book of Shadows: Blair Witch 2,,R,1 hr 30 mins,4.2,Artisan Entertainment,2000
Borat Subsequent Moviefilm,,R,1 hr 36 mins,6.5,Amazon Studios,2020
Borat: Cultural Learnings of America for Make Benefit Glorious Nation of Kazakhstan,,,1 hr 24 mins,6.7,20th Century Fox,2006
Boulevard,3,R,1 hr 28 mins,5.2,Evil Media Empire,2015
The Bourne Identity,,PG-13,1 hr 59 mins,7.4,Universal Pictures,2002
The Bourne Legacy,,PG-13,2 hrs 15 mins,6.2,Universal Pictures,2012
The Bourne Supremacy,,PG-13,1 hr 49 mins,7.3,Universal Pictures,2004
The Bourne Ultimatum,,PG-13,1 hr 55 mins,7.4,Universal Pictures,2007
Boy Erased,7.4,R,1 hr 55 mins,8,Anonymous Content,2018
The Boy in the Striped Pajamas,8.5,PG-13,1 hr 35 mins,6.4,BBC Films,2008
Boyhood,8,R,2 hrs 45 mins,9.7,IFC Films,2014
The Breakfast Club,9.2,R,1 hr 37 mins,8.9,Universal Pictures,1985
Brick Mansions,4.7,PG-13,1 hr 40 mins,2.6,Canal+,2014
Bride of Chucky,4.6,R,1 hr 29 mins,4.9,Universal Pictures,1998
Bridesmaids,7.6,R,2 hrs 10 mins,9,Relativity Media,2011
Brightburn,6.7,R,1 hr 31 mins,5.7,Troll Court Entertainment,2019
Brokeback Mountain,8.2,R,2 hrs 14 mins,8.8,Good Machine,2005
Broken Flowers,7,R,1 hr 46 mins,8.7,Focus Features,2005
The Brothers Grimsby,4.1,R,1 hr 23 mins,3.6,Working Title Films,2016
Bruce Almighty,5.7,PG-13,1 hr 41 mins,4.8,Pit Bull Productions,2003
Brüno,4.1,R,1 hr 21 mins,6.7,Universal Pictures,2009
Bumblebee,,PG-13,1 hr 54 mins,6.7,Paramount,2018
The Cable Guy,5.1,PG-13,1 hr 36 mins,5.5,Columbia Pictures,1996
Call Me by Your Name,8.6,R,2 hrs 12 mins,9.4,Sony Pictures Classics,2017
El Camino: A Breaking Bad Movie,,R,2 hrs 2 mins,6.9,Gran Via Productions,2019
Cannibal Holocaust,6.1,Not Rated,1 hr 36 mins,6.5,F.D. Cinematografica,1980
Captain America: Civil War,,PG-13,2 hrs 28 mins,7.4,Marvel Studios,2016
Captain America: The First Avenger,,PG-13,2 hrs 4 mins,7,Marvel Studios,2011
Captain America: The Winter Soldier,,PG-13,2 hrs 16 mins,7.7,Marvel Studios,2014
Captain Marvel,,PG-13,2 hrs 4 mins,6.9,Marvel Studios,2019
Captain Phillips,8.9,PG-13,2 hrs 14 mins,9.3,Columbia Pictures,2013
Casablanca,9.5,PG,1 hr 43 mins,9.9,Warner Bros. Pictures,1943
Casino Royale,9,PG-13,2 hrs 25 mins,9.4,Columbia Pictures,2006
Catwoman,1.8,PG-13,1 hr 44 mins,0.9,Village Roadshow Pictures,2004
Central Intelligence,6.2,PG-13,1 hr 56 mins,7.1,New Line Cinema,2016
Chappie,,R,2 hrs,6.8,Columbia Pictures,2015
Chef,8.5,R,1 hr 54 mins,8.7,Altus Media,2014
Child's Play,6.3,R,1 hr 27 mins,7.1,United Artists,1988
Child's Play,5.7,R,1 hr 30 mins,6.4,Metro-Goldwyn-Mayer,2019
Child's Play 2,4.8,R,1 hr 24 mins,4,Universal Pictures,1990
Child's Play 3,3.3,R,1 hr 30 mins,2.3,Universal Pictures,1991
Children of Men,8.5,R,1 hr 49 mins,9.2,Universal Pictures,2006
Children of the Corn,4,R,1 hr 32 mins,3.6,Hal Roach Studios,1984
CHIPS,4.5,R,1 hr 41 mins,1.9,Primate Pictures,2017
Christopher Robin,8.3,PG,1 hr 44 mins,7.2,Walt Disney Pictures,2018
The Chronicles of Narnia: Prince Caspian,7.3,PG,2 hrs 30 mins,6.6,Walt Disney Pictures,2008
"The Chronicles of Narnia: The Lion, the Witch and the Wardrobe",,PG,2 hrs 23 mins,7.6,Walt Disney Pictures,2005
The Chronicles of Narnia: The Voyage of the Dawn Treader,5.8,PG,1 hr 53 mins,5,Fox 2000 Pictures,2010
The Chronicles of Riddick,,PG-13,2 hrs 14 mins,6.5,Radar Pictures,2004
Cinderella,7.8,PG,1 hr 45 mins,8.3,Walt Disney Pictures,2015
Citizen Kane,9,PG,1 hr 60 mins,9.9,Mercury Productions,1941
Clash of the Titans,4,PG-13,1 hr 46 mins,2.7,The Zanuck Company,2010
Clear and Present Danger,7.4,PG-13,2 hrs 21 mins,8,Paramount,1994
A Clockwork Orange,9.3,R,2 hrs 17 mins,8.7,Warner Bros. Pictures,1972
Close Encounters of the Third Kind,8.5,PG,2 hrs 17 mins,9.4,Columbia Pictures,1977
Cloverfield,6.8,PG-13,1 hr 25 mins,7.8,Bad Robot,2008
The Cloverfield Paradox,4.2,PG-13,1 hr 42 mins,2.1,Paramount,2018
Coach Carter,8.5,PG-13,2 hrs 16 mins,6.4,Paramount,2005
Collateral Beauty,6.4,PG-13,1 hr 37 mins,1.3,Village Roadshow Pictures,2016
Come and See,9.5,Not Rated,2 hrs 23 mins,9.7,Belarusfilm,1985
Coming 2 America,,PG-13,1 hr 49 mins,6.6,Paramount,2021
Coming to America,,R,1 hr 57 mins,6.8,Paramount,1988
The Conjuring,,R,1 hr 52 mins,7.5,New Line Cinema,2013
The Conjuring 2,,R,2 hrs 14 mins,7.3,New Line Cinema,2016
The Conjuring: The Devil Made Me Do It,,R,1 hr 52 mins,7.6,New Line Cinema,2021
Constantine,7.2,R,2 hrs,4.6,Village Roadshow Pictures,2005
The Conversation,8.9,PG,1 hr 54 mins,9.7,Paramount,1974
"Crazy, Stupid, Love.",7.8,PG-13,1 hr 58 mins,7.9,Warner Bros. Pictures,2011
Creed,,PG-13,2 hrs 13 mins,7.4,New Line Cinema,2015
Creed II,,PG-13,2 hrs 10 mins,7,New Line Cinema,2018
"Crouching Tiger, Hidden Dragon",8.6,PG-13,2 hrs,9.7,China Film Co-Production Corporation,2000
The Crow,9,R,1 hr 42 mins,8.4,Miramax,1994
Cruella,9.7,PG-13,2 hrs 14 mins,7.4,Walt Disney Pictures,2021
Cult of Chucky,4.9,R,1 hr 31 mins,7.7,Universal 1440 Entertainment,2017
The Curious Case of Benjamin Button,8,PG-13,2 hrs 46 mins,7.1,Paramount,2008
Curse of Chucky,5.6,R,1 hr 37 mins,7.6,Universal 1440 Entertainment,2013
The Curse of La Llorona,,R,1 hr 33 mins,5.7,New Line Cinema,2019
The Da Vinci Code,5.7,PG-13,2 hrs 29 mins,2.5,Imagine Entertainment,2006
Daddy's Home,4.9,PG-13,1 hr 36 mins,3,Paramount,2015
Daddy's Home 2,5.1,PG-13,1 hr 40 mins,2.1,Red Granite Pictures,2017
Daredevil,3.5,PG-13,2 hrs 13 mins,4.3,20th Century Fox,2003
Dark Phoenix,,PG-13,1 hr 54 mins,6,20th Century Fox,2019
The Dark Tower,,PG-13,1 hr 35 mins,5.7,Columbia Pictures,2017
Darkman,5.9,R,1 hr 35 mins,8.3,Universal Pictures,1990
Dawn of the Dead,9,Not Rated,2 hrs 7 mins,9.2,Dawn Associates,1978
Dawn of the Dead,7.7,R,1 hr 51 mins,7.6,Universal Pictures,2004
Dawn of the Planet of the Apes,,PG-13,2 hrs 10 mins,7.3,Ingenious Media,2014
The Day After Tomorrow,5,PG-13,2 hrs 4 mins,4.5,20th Century Fox,2004
Day of the Dead,7.5,Not Rated,1 hr 41 mins,8.3,Laurel Entertainment,1985
Deadgirl,4,R,1 hr 42 mins,2.9,Hollywoodmade,2013
Deadpool,,R,1 hr 48 mins,7.6,20th Century Fox,2016
Deadpool 2,,R,2 hrs 14 mins,7.5,20th Century Fox,2018
Dear Zachary: A Letter to a Son About His Father,9.6,Not Rated,1 hr 34 mins,9.4,MSNBC Films,2008
The Deer Hunter,9.1,R,3 hrs 4 mins,8.9,Universal Pictures,1979
Deliverance,8.2,R,1 hr 49 mins,8.9,Warner Bros. Pictures,1972
Demolition Man,6.6,R,1 hr 55 mins,6.2,Warner Bros. Pictures,1993
Demon Slayer -Kimetsu no Yaiba- The Movie: Mugen Train,,R,2 hrs,8.4,Aniplex,2021
The Departed,9.4,R,2 hrs 31 mins,9,Vertigo Entertainment,2006
The Devil Wears Prada,7.6,PG-13,1 hr 49 mins,7.5,Fox 2000 Pictures,2006
Diamonds Are Forever,5.8,PG,2 hrs,6.4,United Artists,1971
Diary of the Dead,4.1,R,1 hr 36 mins,6.2,Artfire Films,2008
Dick Tracy,5.3,PG,1 hr 45 mins,6.4,Touchstone Pictures,1990
The Dictator,4.4,R,1 hr 39 mins,5.7,Paramount,2012
Die Another Day,4.1,PG-13,2 hrs 12 mins,5.6,Metro-Goldwyn-Mayer,2002
Die Hard,9.4,R,2 hrs 12 mins,9.4,Gordon Company,1988
Die Hard 2,7,R,2 hrs 3 mins,6.9,Gordon Company,1990
Die Hard with a Vengeance,8.3,R,2 hrs 9 mins,5.9,Cinergi Pictures Entertainment,1995
The Disaster Artist,8.5,R,1 hr 44 mins,9.1,New Line Cinema,2017
District 9,8.2,R,1 hr 52 mins,9,TriStar Pictures,2009
District 13: Ultimatum,5.5,R,1 hr 41 mins,7.5,Canal+,2009
District B13,7.8,R,1 hr 25 mins,8,Canal+,2004
Disturbia,7.7,PG-13,1 hr 45 mins,6.9,Paramount,2007
Divergent,,PG-13,2 hrs 20 mins,6.9,Summit Entertainment,2014
Django Unchained,9.2,R,2 hrs 45 mins,8.6,Columbia Pictures,2012
Doctor Strange,,PG-13,1 hr 55 mins,7.4,Marvel Studios,2016
Doctor Strange in the Multiverse of Madness,8.5,PG-13,2 hrs 7 mins,7.4,Marvel Studios,2022
,,,,,,
Dog Day Afternoon,9,R,2 hrs 5 mins,9.6,Warner Bros. Pictures,1975
Dogtooth,7.6,Not Rated,1 hr 37 mins,9.3,Greek Film Centre,2009
Dolittle,,PG,1 hr 41 mins,6.7,Universal Pictures,2020
Donnie Darko,8,R,1 hr 53 mins,8.6,Flower Films,2001
Dr. No,8.2,PG,1 hr 50 mins,9.5,United Artists,1962
Dracula Untold,,PG-13,1 hr 32 mins,6.4,Universal Pictures,2014
Dragon Ball Super: Broly,,PG,1 hr 40 mins,7.8,Shueisha,2018
Dredd,,R,1 hr 36 mins,6.8,DNA Films,2012
Drive,7.9,R,1 hr 40 mins,9.3,Bold Films,2011
Dumbo,4.8,PG,1 hr 52 mins,4.6,Walt Disney Pictures,2019
Dune,6.5,PG-13,2 hrs 17 mins,4.3,Dino De Laurentiis Company,1984
Dune,,,2 hrs 35 mins,7.9,Legendary Pictures,2021
Dunkirk,,PG-13,1 hr 47 mins,7.5,Warner Bros. Pictures,2017
Edge of Tomorrow,9,PG-13,1 hr 53 mins,9.1,RatPac Entertainment,2014
Edward Scissorhands,9.1,PG-13,1 hr 45 mins,9,20th Century Fox,1990
Elektra,2.9,PG-13,1 hr 40 mins,1.1,Regency Enterprises,2005
Elysium,5.8,R,1 hr 50 mins,6.5,Genre Films,2013
Ender's Game,6.5,PG-13,1 hr 54 mins,6.2,Digital Domain,2013
Enemy of the State,7.8,R,2 hrs 12 mins,7.2,Jerry Bruckheimer Films,1998
Eraserhead,8.2,Not Rated,1 hr 29 mins,9,American Film Institute (AFI),1978
Eternals,,,2 hrs 36 mins,7.1,Marvel Studios,2021
Evan Almighty,5.2,PG,1 hr 36 mins,2.3,Universal Pictures,2007
Event Horizon,6.1,R,1 hr 36 mins,2.9,Impact Pictures,1997
The Evil Dead,8.4,NC-17,1 hr 25 mins,9.5,Renaissance Pictures,1983
Evil Dead,6.3,R,1 hr 36 mins,6.3,TriStar Pictures,2013
Evil Dead II,8.9,R,1 hr 24 mins,9.5,Rosebud Releasing Corporation,1987
Ex Machina,8.6,R,1 hr 48 mins,9.2,DNA Films,2015
The Exorcist,8.7,R,2 hrs 12 mins,8.4,Warner Bros. Pictures,1973
F9,,,2 hrs 30 mins,7.3,Original Film,2021
Fantastic Beasts and Where to Find Them,,PG-13,2 hrs 13 mins,7.3,Warner Bros. Pictures,2016
Fantastic Beasts: The Crimes of Grindelwald,,PG-13,2 hrs 21 mins,6.9,Warner Bros. Pictures,2018
Fantastic Beasts: The Secrets of Dumbledore,8.3,PG-13,2 hrs 23 mins,4.6,Warner Bros. Pictures,2022
Fantastic Four,4.5,PG-13,1 hr 45 mins,2.8,Kumar Mobiliengesellschaft mbH & Co. Projekt Nr. 3 KG,2005
Fantastic Four,1.8,PG-13,1 hr 40 mins,0.9,Moving Picture Company,2015
Fantastic Four: Rise of the Silver Surfer,5.1,PG-13,1 hr 32 mins,3.7,1492 Pictures,2007
Fargo,9.3,R,1 hr 38 mins,9.4,PolyGram Filmed Entertainment,1996
Fast & Furious,,PG-13,1 hr 47 mins,6.7,Universal Pictures,2009
Fast & Furious 6,,PG-13,2 hrs 11 mins,6.8,Universal Pictures,2013
Fast & Furious Presents: Hobbs & Shaw,,PG-13,2 hrs 17 mins,6.9,Universal Pictures,2019
The Fast and the Furious,,PG-13,1 hr 47 mins,6.9,Universal Pictures,2001
The Fast and the Furious: Tokyo Drift,,PG-13,1 hr 44 mins,6.4,Universal Pictures,2006
Fast Five,,PG-13,2 hrs 12 mins,7.2,Universal Pictures,2011
The Fate of the Furious,,PG-13,2 hrs 16 mins,6.9,Universal Pictures,2017
The Fault in Our Stars,8.5,PG-13,2 hrs 13 mins,8.1,TSG Entertainment,2014
Fear and Loathing in Las Vegas,8.9,R,1 hr 58 mins,4.9,Universal Pictures,1998
Fences,7.5,PG-13,2 hrs 19 mins,9.2,Paramount,2016
Ferris Bueller's Day Off,9.2,PG-13,1 hr 43 mins,8.1,Paramount,1986
Fifty Shades Darker,4.8,R,2 hrs 11 mins,1.1,Universal Pictures,2017
Fifty Shades Freed,3.7,R,1 hr 50 mins,1.1,Universal Pictures,2018
Fifty Shades of Grey,4.1,R,2 hrs 8 mins,2.5,Trigger Street Productions,2015
Fight Club,9.6,R,2 hrs 19 mins,7.9,Regency Enterprises,1999
Final Destination,6.8,R,1 hr 38 mins,3.5,New Line Cinema,2000
The Final Destination,3.5,R,1 hr 22 mins,2.8,New Line Cinema,2009
Final Destination 2,5.8,R,1 hr 30 mins,4.8,New Line Cinema,2003
Final Destination 3,5.7,R,1 hr 33 mins,4.4,New Line Cinema,2006
Final Destination 5,5.2,R,1 hr 32 mins,6.2,New Line Cinema,2011
The First Purge,2.7,R,1 hr 37 mins,5.6,Platinum Dunes,2018
For Your Eyes Only,6.4,PG,2 hrs 8 mins,7.2,United Artists,1981
The Forever Purge,7.8,R,1 hr 44 mins,4.9,Blumhouse Productions,2021
Forrest Gump,9.5,PG-13,2 hrs 22 mins,7.1,Paramount,1994
The Fourth Kind,4.1,PG-13,1 hr 38 mins,1.8,Universal Pictures,2009
Freddy vs. Jason,5,R,1 hr 37 mins,4.1,New Line Cinema,2003
Freddy's Dead: The Final Nightmare,3.2,R,1 hr 29 mins,2.4,New Line Cinema,1991
Free Guy,9.4,PG-13,1 hr 55 mins,8,21 Laps Entertainment,2021
Friday,9.1,R,1 hr 37 mins,7.6,New Line Cinema,1995
Friday After Next,7.5,R,1 hr 24 mins,2.6,New Line Cinema,2002
Friday Night Lights,8.5,PG-13,1 hr 58 mins,8.2,Imagine Entertainment,2004
Friday the 13th,6,R,1 hr 35 mins,6.3,Paramount,1980
Friday the 13th,4.6,R,1 hr 46 mins,2.6,Paramount,2009
Friday the 13th Part II,4.8,R,1 hr 27 mins,2.7,Paramount,1981
Friday the 13th Part III,4.2,R,1 hr 35 mins,0.7,Paramount,1982
Friday the 13th Part VI: Jason Lives,5.2,R,1 hr 27 mins,5,Paramount,1986
Friday the 13th Part VII: The New Blood,3.7,R,1 hr 28 mins,3.5,Sean S. Cunningham Films,1988
Friday the 13th Part VIII: Jason Takes Manhattan,2.7,R,1 hr 40 mins,1.2,Paramount,1989
Friday the 13th: A New Beginning,2.6,R,1 hr 32 mins,1.8,Paramount,1985
Friday the 13th: The Final Chapter,5.1,R,1 hr 31 mins,1.9,Paramount,1984
From Russia with Love,8.4,PG,1 hr 55 mins,9.7,United Artists,1963
Full Metal Jacket,,R,1 hr 57 mins,8.1,Warner Bros. Pictures,1987
Funny Games,8.3,R,1 hr 49 mins,6.9,wega film vienna,1997
Furious 7,,PG-13,2 hrs 20 mins,7.2,Universal Pictures,2015
Fury,8.4,R,2 hrs 15 mins,7.6,Columbia Pictures,2014
Gangs of New York,8.1,R,2 hrs 47 mins,7.2,Miramax,2002
Gemini Man,8.3,PG-13,1 hr 57 mins,2.7,Skydance Media,2019
Get Out,,R,1 hr 44 mins,7.6,Blumhouse Productions,2017
Ghost Rider,4.8,PG-13,2 hrs 3 mins,2.6,Crystal Sky Pictures,2007
Ghost Rider: Spirit of Vengeance,3.1,PG-13,1 hr 36 mins,1.8,Columbia Pictures,2012
Ghostbusters,,PG,1 hr 45 mins,7.5,Columbia Pictures,1984
Ghostbusters,,PG-13,2 hrs 14 mins,5.4,Columbia Pictures,2016
Ghostbusters II,,PG,1 hr 48 mins,6.5,Columbia Pictures,1989
Ghostbusters: Afterlife,,,2 hrs 4 mins,7.7,Columbia Pictures,2021
The Girl Next Door,6.1,R,1 hr 31 mins,6.7,Modernciné,2008
Gladiator,8.7,R,2 hrs 51 mins,7.8,Universal Pictures,2000
Glass,,PG-13,2 hrs 9 mins,6.7,Universal Pictures,2019
The Godfather,9.8,R,2 hrs 55 mins,9.7,Paramount,1972
The Godfather Part II,9.7,R,3 hrs 21 mins,9.6,Paramount,1974
The Godfather: Part III (2020+ Coda Recut),7.6,R,2 hrs 38 mins,8.6,Paramount,1990
Gods of Egypt,3.7,PG-13,2 hrs 7 mins,1.5,Thunder Road,2016
Godzilla,2.8,PG-13,2 hrs 19 mins,1.6,Toho,1998
Godzilla,6.6,PG-13,2 hrs 3 mins,7.6,RatPac Entertainment,2014
Godzilla vs. Kong,9.1,PG-13,1 hr 53 mins,7.5,Legendary Pictures,2021
Godzilla: King of the Monsters,8.3,PG-13,2 hrs 12 mins,4.2,Legendary Pictures,2019
GoldenEye,8.3,PG-13,2 hrs 10 mins,8,United Artists,1995
Goldfinger,8.9,PG,1 hr 50 mins,9.9,United Artists,1964
Gone Girl,,R,2 hrs 29 mins,7.9,20th Century Fox,2014
A Good Day to Die Hard,4,R,1 hr 41 mins,1.5,Mid Atlantic Films,2013
Good Will Hunting,9.4,R,2 hrs 7 mins,9.6,Miramax,1997
Goodfellas,9.7,R,2 hrs 25 mins,9.6,Winkler Films,1990
Gravity,7.9,PG-13,1 hr 31 mins,9.6,Esperanto Filmoj,2013
The Green Hornet,,PG-13,1 hr 59 mins,5.5,Columbia Pictures,2011
Green Lantern,4.5,PG-13,2 hrs 4 mins,2.6,Warner Bros. Pictures,2011
Green Room,7.5,R,1 hr 35 mins,9,filmscience,2016
Grindhouse,8.7,R,3 hrs 11 mins,8.4,Yer Dead Productions,2007
Grizzly Man,8.5,R,1 hr 44 mins,9.2,Discovery Docs,2005
Guardians of the Galaxy,,PG-13,2 hrs,7.9,Marvel Studios,2014
Guardians of the Galaxy Vol. 2,,PG-13,2 hrs 16 mins,7.6,Marvel Studios,2017
Gummo,7.3,R,1 hr 26 mins,3.8,Independent Pictures (II),1997
Hacksaw Ridge,9.1,R,2 hrs 19 mins,8.4,Permut Presentations,2016
Halloween,8.9,R,1 hr 31 mins,9.6,Compass International Pictures,1978
Halloween,7.1,R,1 hr 46 mins,7.9,Miramax,2018
Halloween (Rob Zombie),5.9,R,2 hrs 2 mins,2.8,Dimension Films,2007
Halloween 4: The Return of Michael Myers,5.2,R,1 hr 28 mins,3.1,Trancas International Films,1988
Halloween 5: The Revenge of Michael Myers,3.6,R,1 hr 37 mins,1.2,Trancas International Films,1989
Halloween 6: The Curse of Michael Myers (Producer's Cut),3.7,R,1 hr 36 mins,0.9,Miramax,1995
Halloween H20: 20 Years Later,4.9,R,1 hr 26 mins,5.2,Miramax,1998
Halloween II,6.3,R,1 hr 33 mins,2.9,Universal Pictures,1981
Halloween II (Rob Zombie),4.4,R,1 hr 59 mins,2.2,Dimension Films,2009
Halloween III: Season of the Witch,2.7,R,1 hr 38 mins,4.3,Universal Pictures,1982
Halloween Kills,6.6,R,1 hr 49 mins,3.9,Miramax,2021
Halloween: Resurrection,2.5,R,1 hr 30 mins,1.2,Miramax,2002
Hancock,5.9,PG-13,1 hr 42 mins,4.1,Columbia Pictures,2008
The Hangover,,R,1 hr 48 mins,7.3,Warner Bros. Pictures,2009
The Hangover Part II,,R,1 hr 42 mins,6.4,Warner Bros. Pictures,2011
The Hangover Part III,,R,1 hr 40 mins,6.2,Legendary Pictures,2013
Hannibal,6.2,R,2 hrs 12 mins,4,Dino De Laurentiis Company,2001
Hannibal Rising,5.5,R,2 hrs 11 mins,1.6,Young Hannibal Productions,2007
Happiness,8.9,NC-17,2 hrs 20 mins,8.3,Good Machine,1998
Happy Death Day,6.7,PG-13,1 hr 36 mins,7.1,Blumhouse Productions,2017
Happy Death Day 2U,5.7,PG-13,1 hr 40 mins,7.1,Blumhouse Productions,2019
Hardcore Henry,5.4,R,1 hr 37 mins,5.1,Bazelevs Production,2016
Harold & Kumar Escape from Guantanamo Bay,6,R,1 hr 48 mins,5.2,New Line Cinema,2008
Harold & Kumar Go to White Castle,8,R,1 hr 28 mins,7.4,New Line Cinema,2004
Harry Potter 20th Anniversary: Return to Hogwarts,,PG-13,1 hr 43 mins,7.9,Pulse Films,2022
Harry Potter and the Chamber of Secrets (Extended Edition),,PG,2 hrs 54 mins,7.7,Warner Bros. Pictures,2002
Harry Potter and the Deathly Hallows: Part 1,,PG-13,2 hrs 26 mins,7.8,Warner Bros. Pictures,2010
Harry Potter and the Deathly Hallows: Part 2,,,2 hrs 10 mins,8.1,Warner Bros. Pictures,2011
Harry Potter and the Deathly Weapons [MEME],,,2 hrs 32 mins,,#NAME?,2020
Harry Potter and the Goblet of Fire,,PG-13,2 hrs 37 mins,7.8,Warner Bros. Pictures,2005
Harry Potter and the Half-Blood Prince,,PG,2 hrs 34 mins,7.7,Warner Bros. Pictures,2009
Harry Potter and the Order of the Phoenix,,PG-13,2 hrs 18 mins,7.7,Warner Bros. Pictures,2007
Harry Potter and the Prisoner of Azkaban,,PG,2 hrs 22 mins,8,Warner Bros. Pictures,2004
Harry Potter and the Sorcerer's Stone (Extended Edition),,PG,2 hrs 39 mins,7.9,Warner Bros. Pictures,2001
The Hateful Eight,7.6,R,2 hrs 48 mins,7.4,Double Feature Films,2015
The Heat,7.1,R,2 hrs,6.6,Ingenious Media,2013
Heavy Metal,6.7,R,1 hr 30 mins,6.5,Canadian Film Development Corporation (CFDC),1981
Hellboy,,PG-13,2 hrs 12 mins,6.7,Columbia Pictures,2004
Hellboy,,R,2 hrs 1 min,5.5,Summit Entertainment,2019
Hellboy II: The Golden Army,,PG-13,1 hr 60 mins,6.7,Universal Pictures,2008
Her,8.2,R,2 hrs 6 mins,9.4,Annapurna Pictures,2014
Here Comes the Boom,6.5,PG,1 hr 45 mins,4.2,Columbia Pictures,2012
Hidden Figures,9.3,PG,2 hrs 7 mins,9.3,Fox 2000 Pictures,2017
The Hitchhiker's Guide to the Galaxy,6.5,PG,1 hr 49 mins,6,Spyglass Entertainment,2005
Hitman,5.7,R,1 hr 34 mins,1.6,Anka Film,2007
Hitman: Agent 47,4,R,1 hr 36 mins,0.8,Québec Production Services Tax Credit,2015
The Hobbit: An Unexpected Journey (Extended Edition),,PG-13,3 hrs 3 mins,7.3,WingNut Films,2012
The Hobbit: The Battle of the Five Armies (Extended Edition),,PG-13,2 hrs 44 mins,7.3,WingNut Films,2014
The Hobbit: The Desolation of Smaug (Extended Edition),,PG-13,3 hrs 7 mins,7.6,WingNut Films,2013
Horns,4.9,R,1 hr 60 mins,4.3,Mandalay Pictures,2014
Hot Fuzz,8.9,R,2 hrs,9.1,Universal Pictures,2007
Howard the Duck,3.8,PG,1 hr 51 mins,1.4,Lucasfilm Ltd.,1986
Hulk,2.9,PG-13,2 hrs 18 mins,6.2,Marvel Enterprises,2003
The Human Centipede (First Sequence),2.5,R,1 hr 32 mins,4.9,Six Entertainment,2010
Human Centipede 2: Tom Six Discusses the Story Concept,2.3,R,1 hr 27 mins,2.9,Six Entertainment,2011
The Human Centipede III (Final Sequence),1.1,R,1 hr 43 mins,1.9,Six Entertainment,2015
The Hunger Games,,PG-13,2 hrs 23 mins,7.2,Lionsgate,2012
The Hunger Games: Catching Fire,,PG-13,2 hrs 26 mins,7.4,Lionsgate,2013
The Hunger Games: Mockingjay - Part 1,,PG-13,2 hrs 3 mins,6.8,Lionsgate,2014
The Hunger Games: Mockingjay - Part 2,,PG-13,2 hrs 17 mins,6.9,Studio Babelsberg,2015
The Hunt for Red October,8.8,PG-13,2 hrs 15 mins,8.8,Paramount,1990
The Hurt Locker,8.4,R,2 hrs 11 mins,9.7,Film Capital Europe Funds (FCEF ),2008
I Am Legend,6.8,PG-13,1 hr 44 mins,6.8,Village Roadshow Pictures,2007
I Am Number Four,5.7,PG-13,1 hr 50 mins,3.3,DreamWorks Pictures,2011
I Saw the Devil [Dual Audio],8.7,Not Rated,2 hrs 22 mins,8.1,Softbank Ventures,2010
I Spit on Your Grave,4,R,1 hr 41 mins,5.3,Barquel Creations,1978
"I, Robot",7,PG-13,1 hr 55 mins,5.6,Davis Entertainment,2004
Idiocracy,6,R,1 hr 24 mins,7.3,20th Century Fox,2007
The Imitation Game,9.1,PG-13,1 hr 54 mins,8.9,The Weinstein Company,2014
Inception,9.1,PG-13,2 hrs 28 mins,8.7,Legendary Pictures,2010
The Incredible Hulk,,PG-13,1 hr 52 mins,6.2,Marvel Studios,2008
Independence Day,7.5,PG-13,2 hrs 34 mins,6.7,20th Century Fox,1996
Independence Day: Resurgence,3,PG-13,1 hr 60 mins,2.9,20th Century Fox,2016
Indiana Jones and the Kingdom of the Crystal Skull,,PG-13,2 hrs 3 mins,6,Lucasfilm,2008
Indiana Jones and the Last Crusade,,PG-13,2 hrs 7 mins,7.8,Lucasfilm,1989
Indiana Jones and the Raiders of the Lost Ark,,,1 hr 55 mins,7.9,Lucasfilm,1981
Indiana Jones and the Temple of Doom,,PG,1 hr 58 mins,7.3,Lucasfilm,1984
Inferno,3.6,PG-13,2 hrs 2 mins,2.3,Columbia Pictures,2016
The Infiltrator,7.1,R,2 hrs 7 mins,7.1,Good Films Collective,2016
Inglourious Basterds,8.8,R,2 hrs 33 mins,8.9,The Weinstein Company,2009
Inside,7.5,R,1 hr 19 mins,8.5,La Fabrique de Films,2007
Insidious,,PG-13,1 hr 43 mins,6.9,Alliance Films,2011
Insidious: Chapter 2,,PG-13,1 hr 46 mins,6.7,Sony Pictures,2013
Insidious: Chapter 3,,PG-13,1 hr 37 mins,6.3,Sony Pictures,2015
Insidious: The Last Key,,PG-13,1 hr 43 mins,6.2,Universal Pictures,2018
Insurgent,,PG-13,1 hr 59 mins,6.4,Summit Entertainment,2015
The Internship,5.1,PG-13,2 hrs 5 mins,3.5,TSG Entertainment,2013
Interstellar,,PG-13,2 hrs 49 mins,8.4,Legendary Pictures,2014
The Interview,4.8,R,1 hr 52 mins,5.1,Point Grey Pictures,2014
Invincible,7.3,PG,1 hr 44 mins,7.2,Walt Disney Pictures,2006
The Invisible Man,8.8,R,2 hrs 4 mins,9.2,Universal Pictures,2020
Iron Man,,PG-13,2 hrs 6 mins,7.6,Marvel Studios,2008
Iron Man 2,,PG-13,2 hrs 5 mins,6.8,Marvel Studios,2010
Iron Man 3,,PG-13,2 hrs 11 mins,6.9,Marvel Studios,2013
It,,R,2 hrs 15 mins,7.2,New Line Cinema,2017
It Chapter Two,,R,2 hrs 49 mins,6.9,New Line Cinema,2019
It Follows,6.6,R,1 hr 40 mins,9.6,Two Flints,2015
Jack Reacher,6.7,PG-13,2 hrs 10 mins,6.3,Skydance Media,2012
Jack Reacher: Never Go Back,4.2,PG-13,1 hr 58 mins,3.8,Skydance Media,2016
Jack Ryan: Shadow Recruit,5.3,PG-13,1 hr 46 mins,5.4,Paramount,2014
Jackass Forever,,R,1 hr 36 mins,6.9,Paramount,2022
Jackie Brown,8.5,R,2 hrs 34 mins,8.7,Miramax,1997
Jarhead,6.8,R,2 hrs 3 mins,6.1,Red Wagon Entertainment,2005
Jason Bourne,,PG-13,2 hrs 3 mins,6.3,The Kennedy/Marshall Company,2016
Jason Goes to Hell: The Final Friday,2.4,R,1 hr 31 mins,1.6,Sean S. Cunningham Films,1993
Jason X,2.5,R,1 hr 32 mins,1.9,Sean S. Cunningham Films,2001
Jaws,9,PG-13,2 hrs 4 mins,9.8,Universal Pictures,1975
Jaws 2,3.8,PG,1 hr 56 mins,6.1,Universal Pictures,1978
Jaws 3,1.7,PG,1 hr 38 mins,1.1,Universal Pictures,1983
Jaws: The Revenge,1.5,PG-13,1 hr 30 mins,,Universal Pictures,1987
Jeepers Creepers,,R,1 hr 31 mins,6.4,United Artists,2001
Jeepers Creepers 2,,R,1 hr 44 mins,6.1,United Artists,2003
Jeepers Creepers 3,,,1 hr 41 mins,4.9,Myriad Pictures,2017
Jet Li's Fearless,8.6,PG-13,2 hrs 21 mins,7.3,Beijing Film Studio,2006
Jigsaw,8.9,R,1 hr 32 mins,3.1,Twisted Pictures,2017
John Wick,,,1 hr 41 mins,7.4,Summit Entertainment,2014
John Wick: Chapter 2,,R,2 hrs 2 mins,7.3,Lionsgate,2017
John Wick: Chapter 3 - Parabellum,,R,2 hrs 11 mins,7.4,Summit Entertainment,2019
Joker,,R,2 hrs 2 mins,8.2,Village Roadshow Pictures,2019
Joy Ride,6.6,R,1 hr 37 mins,7.4,Regency Enterprises,2001
Judge Dredd,,R,1 hr 36 mins,5.7,Hollywood Pictures,1995
Jumanji,,PG,1 hr 44 mins,7.2,TriStar Pictures,1995
Jumanji: The Next Level,,PG-13,2 hrs 3 mins,7,Columbia Pictures,2019
Jumanji: Welcome to the Jungle,,PG-13,1 hr 59 mins,6.8,Columbia Pictures,2017
Jumper,,PG-13,1 hr 28 mins,6.1,Dune Entertainment,2008
The Jungle Book,8.6,PG,1 hr 46 mins,9.4,Walt Disney Pictures,2016
Juno,8.8,PG-13,1 hr 36 mins,9.4,Fox Searchlight Pictures,2007
Jurassic Park,,PG-13,2 hrs 7 mins,7.9,Universal Pictures,1993
Jurassic Park III,3.6,PG-13,1 hr 32 mins,4.9,Universal Pictures,2001
Jurassic World,7.8,PG-13,2 hrs 4 mins,7.1,Universal Pictures,2015
Jurassic World Dominion,7.7,PG-13,2 hrs 28 mins,3,Universal Pictures,2022
Jurassic World: Fallen Kingdom,,PG-13,2 hrs 8 mins,6.6,Universal Pictures,2018
Kick-Ass,8.1,R,1 hr 58 mins,7.6,Marv Films,2010
Kick-Ass 2,5.7,R,1 hr 43 mins,3.2,Marv Films,2013
Kids,7.7,Not Rated,1 hr 32 mins,4.7,Miramax,1995
Kill Bill: Vol. 1,8.1,R,1 hr 51 mins,8.5,Miramax,2003
Kill Bill: Vol. 2,8.9,R,2 hrs 17 mins,8.4,Super Cool ManChu,2004
King Kong,5,PG-13,3 hrs 20 mins,8.4,Universal Pictures,2005
The King's Man,8,R,2 hrs 11 mins,4.1,Marv Films,2021
Kingsman: The Golden Circle,6.4,R,2 hrs 21 mins,5,20th Century Fox,2017
Kingsman: The Secret Service,8.4,R,2 hrs 9 mins,7.5,20th Century Fox,2015
A Knight's Tale,7.9,PG-13,2 hrs 12 mins,5.9,Columbia Pictures,2001
Kong: Skull Island,6.9,PG-13,1 hr 58 mins,7.5,Legendary Pictures,2017
Kung Pow: Enter the Fist,6.9,PG-13,1 hr 21 mins,1.3,O Entertainment,2002
La La Land,8.1,PG-13,2 hrs 8 mins,9.1,Summit Entertainment,2016
Lady and the Tramp,5,PG,1 hr 45 mins,6.5,Walt Disney Pictures,2019
Lake Mungo,6.3,R,1 hr 27 mins,9.6,Mungo Productions,2008
Land of the Dead,5.1,R,1 hr 37 mins,7.4,Romero-Grunwald Productions,2005
The Last Airbender,,PG,1 hr 43 mins,4.7,Paramount,2010
The Last Samurai,8.3,R,2 hrs 34 mins,6.6,Warner Bros. Pictures,2003
Legally Blonde,7.2,PG-13,1 hr 36 mins,7.1,Metro-Goldwyn-Mayer,2001
The Legend of Zorro,4.8,PG,2 hrs 10 mins,2.7,Columbia Pictures,2005
Let the Right One In [Dual Audio],9,R,1 hr 55 mins,9.8,EFTI,2008
Lethal Weapon,8.6,R,1 hr 50 mins,8,Silver Pictures,1987
Lethal Weapon 2,7.7,R,1 hr 54 mins,8.2,Silver Pictures,1989
Lethal Weapon 3,6.1,R,1 hr 58 mins,5.8,Silver Pictures,1992
Lethal Weapon 4,6.4,R,2 hrs 7 mins,5.2,Silver Pictures,1998
Liar Liar,7.5,PG-13,1 hr 27 mins,8.3,Imagine Entertainment,1997
Licence to Kill,6.1,PG-13,2 hrs 13 mins,7.8,United Artists,1989
Life,5.4,R,1 hr 44 mins,6.7,Columbia Pictures,2017
Life Is Beautiful [Dual Audio],9.6,PG-13,1 hr 56 mins,8.1,Miramax,1997
Life of Pi,8.4,PG,2 hrs 7 mins,8.6,Fox 2000 Pictures,2012
Limitless,7.4,PG-13,1 hr 46 mins,6.9,Relativity Media,2011
The Lion King,8.8,PG,1 hr 58 mins,5.2,Walt Disney Pictures,2019
Little Fockers,3.4,PG-13,1 hr 38 mins,0.9,Paramount,2010
Little Miss Sunshine,9.1,R,1 hr 43 mins,9.1,Fox Searchlight Pictures,2006
Live and Let Die,6.4,PG,2 hrs 2 mins,6.5,United Artists,1973
Live Free or Die Hard,8.6,PG-13,2 hrs 9 mins,8.2,Dune Entertainment,2007
The Living Daylights,6.6,PG,2 hrs 11 mins,7.4,United Artists,1987
Logan,,R,2 hrs 17 mins,7.8,20th Century Fox,2017
London Has Fallen,5,R,1 hr 39 mins,2.7,Gramercy Pictures,2016
The Longest Yard,,PG-13,1 hr 54 mins,6.6,Paramount,2005
Look at Me: XXXTentacion,8.8,R,1 hr 53 mins,9.2,Fader Films,2022
Looper,8.2,R,1 hr 59 mins,9.3,TriStar Pictures,2012
The Lord of the Rings: The Fellowship of the Ring (Extended Edition),,PG-13,3 hrs 48 mins,8.4,WingNut Films,2001
The Lord of the Rings: The Return of the King (Extended Edition),,PG-13,4 hrs 23 mins,8.5,WingNut Films,2003
The Lord of the Rings: The Two Towers (Extended Edition),,PG-13,3 hrs 56 mins,8.4,WingNut Films,2002
The Lost World: Jurassic Park II,5.1,PG-13,2 hrs 9 mins,5.3,Universal Pictures,1997
"Love, Simon",8.8,PG-13,1 hr 50 mins,9.2,Temple Hill Entertainment,2018
Ma,6.4,R,1 hr 39 mins,5.6,Universal Pictures,2019
Macbeth,7.3,R,2 hrs 20 mins,8.4,Playboy Enterprises,1971
Mad Max: Fury Road,,R,2 hrs,7.6,Village Roadshow Pictures,2015
Maleficent,7,PG,1 hr 37 mins,5.4,Walt Disney Pictures,2014
Maleficent: Mistress of Evil,9.5,PG,1 hr 59 mins,3.9,Walt Disney Pictures,2019
Man Bites Dog,9,NC-17,1 hr 36 mins,7.4,Les Artistes Anonymes,1992
The Man from Nowhere,7.7,R,1 hr 59 mins,,Cinema Service,2010
Man of Steel,,PG-13,2 hrs 23 mins,6.6,Warner Bros. Pictures,2013
Man on Wire,8.7,PG-13,1 hr 34 mins,10,UK Film Council,2008
The Man with the Golden Gun,5.5,PG,2 hrs 5 mins,3.9,United Artists,1974
Manchester by the Sea,7.8,R,2 hrs 18 mins,9.6,OddLot Entertainment,2016
Manhunter,7.7,R,2 hrs,9.3,DEG,1986
Marriage Story,8.5,R,2 hrs 17 mins,9.4,Heyday Films,2019
The Martian,,PG-13,2 hrs 31 mins,7.7,20th Century Fox,2015
Martyrs,6.9,R,1 hr 39 mins,6.4,Wild Bunch,2008
The Mask of Zorro,7.3,PG-13,2 hrs 18 mins,8.3,Amblin Entertainment,1998
The Matrix,,R,2 hrs 16 mins,8.2,Village Roadshow Pictures,1999
The Matrix Reloaded,,R,2 hrs 18 mins,7,Village Roadshow Pictures,2003
The Matrix Resurrections,,R,2 hrs 28 mins,6.7,Village Roadshow Pictures,2021
The Matrix Revolutions,,R,2 hrs 9 mins,6.7,Village Roadshow Pictures,2003
Max Payne,2.9,PG-13,1 hr 43 mins,1.5,20th Century Fox,2008
The Maze Runner,,PG-13,1 hr 53 mins,7.2,20th Century Fox,2014
Maze Runner: The Death Cure,,PG-13,2 hrs 24 mins,7.1,20th Century Fox,2018
Maze Runner: The Scorch Trials,,PG-13,2 hrs 12 mins,6.7,20th Century Fox,2015
"Me, Myself & Irene",5.7,R,1 hr 57 mins,4.8,20th Century Fox,2000
Mean Creek,8.2,R,1 hr 30 mins,8.9,Whitewater Films,2004
Mean Girls,6.6,PG-13,1 hr 37 mins,8.4,Paramount,2004
Mean Streets,8.4,R,1 hr 52 mins,9.5,Scorsese Productions,1973
The Mechanic,5.1,R,1 hr 33 mins,5.3,Scared Productions,2011
Mechanic: Resurrection,4,R,1 hr 39 mins,3,Davis Films,2016
Meet the Fockers,5.8,PG-13,1 hr 55 mins,3.8,DreamWorks Pictures,2004
Meet the Parents,7.9,PG-13,1 hr 48 mins,8.4,DreamWorks Pictures,2000
Megan Is Missing,3.4,Not Rated,1 hr 26 mins,6,Trio Pictures,2011
Men in Black,,PG-13,1 hr 38 mins,7.2,Columbia Pictures,1997
Men in Black 3,,PG-13,1 hr 46 mins,6.5,Columbia Pictures,2012
Men in Black II,,PG-13,1 hr 28 mins,6.3,Columbia Pictures,2002
Men in Black: International,,PG-13,1 hr 55 mins,6,Columbia Pictures,2019
Million Dollar Baby,9,PG-13,2 hrs 13 mins,9,Lakeshore Entertainment,2004
A Million Ways to Die in the West,4.1,R,2 hrs 15 mins,3.3,MRC,2014
Miracle,9,PG,2 hrs 16 mins,8.1,Walt Disney Pictures,2004
Miracle in Cell No. 7,8.9,,2 hrs 8 mins,,Next Entertainment World,2013
Mission: Impossible,,PG-13,1 hr 50 mins,6.9,Paramount,1996
Mission: Impossible - Fallout,,PG-13,2 hrs 27 mins,7.4,Paramount,2018
Mission: Impossible - Ghost Protocol,,PG-13,2 hrs 13 mins,7,Paramount,2011
Mission: Impossible - Rogue Nation,,PG-13,2 hrs 12 mins,7.2,Paramount,2015
Mission: Impossible II,,,2 hrs 4 mins,6.1,Paramount,2000
Mission: Impossible III,,,2 hrs 5 mins,6.7,Paramount,2006
Moneyball,8.6,PG-13,2 hrs 13 mins,9.4,Columbia Pictures,2011
A Monster Calls,8.1,PG-13,1 hr 48 mins,8.6,Telecinco Cinema,2016
Monty Python and the Holy Grail,9.5,PG,1 hr 32 mins,9.7,Python (Monty) Pictures Limited,1975
Moonlight,7.9,R,1 hr 51 mins,9.8,Plan B Entertainment,2016
Moonraker,4.3,PG,2 hrs 6 mins,5.9,United Artists,1979
Moonrise Kingdom,8.6,PG-13,1 hr 34 mins,9.3,Scott Rudin Productions,2012
Morbius,7.1,PG-13,1 hr 44 mins,1.6,Columbia Pictures,2022
Mortal Kombat,5.7,PG-13,1 hr 41 mins,4.5,New Line Cinema,1995
Mortal Kombat,,R,1 hr 50 mins,7.2,New Line Cinema,2021
Mortal Kombat: Annihilation,2.5,PG-13,1 hr 35 mins,0.4,New Line Cinema,1997
Moulin Rouge!,8.9,PG-13,2 hrs 8 mins,7.6,20th Century Fox,2001
Mulan,4.7,PG-13,1 hr 55 mins,7.3,Walt Disney Pictures,2020
Mulholland Drive,8.7,R,2 hrs 27 mins,8.4,Universal Pictures,2001
The Mummy,7.5,PG-13,2 hrs 5 mins,6.1,Universal Pictures,1999
The Mummy,3.5,PG-13,1 hr 50 mins,1.6,Universal Pictures,2017
The Mummy Returns,6.3,PG-13,2 hrs 10 mins,4.7,Universal Pictures,2001
The Mummy: Tomb of the Dragon Emperor,3,PG-13,1 hr 52 mins,1.3,Universal Pictures,2008
Murder on the Orient Express,,PG-13,1 hr 54 mins,6.7,The Mark Gordon Company,2017
My Big Fat Greek Wedding,7.3,PG,1 hr 35 mins,7.6,HBO,2002
The Naked Gun 2½: The Smell of Fear,6.5,PG-13,1 hr 25 mins,5.7,Paramount,1991
Naked Gun 33 1/3: The Final Insult,5.3,PG-13,1 hr 23 mins,5.4,Paramount,1994
The Naked Gun: From the Files of Police Squad!,8.4,PG-13,1 hr 25 mins,8.6,Paramount,1988
Napoleon Dynamite,7.4,PG,1 hr 35 mins,7.2,MTV Films,2004
National Treasure,7.6,PG,2 hrs 11 mins,4.6,Walt Disney Pictures,2004
National Treasure: Book of Secrets,6.7,PG,2 hrs 5 mins,3.6,Walt Disney Pictures,2007
The New Mutants,5.6,PG-13,1 hr 34 mins,3.5,Sunswept Entertainment,2020
Next Friday,7.6,R,1 hr 38 mins,2.1,New Line Cinema,2000
The Nice Guys,7.9,R,1 hr 56 mins,9.1,Silver Pictures,2016
Night of the Living Dead,8.7,Not Rated,1 hr 37 mins,9.6,Image Ten,1968
Nightcrawler,8.6,R,1 hr 58 mins,9.5,Bold Films,2014
A Nightmare on Elm Street,8.4,R,1 hr 31 mins,9.5,New Line Cinema,1984
A Nightmare on Elm Street,4.3,R,1 hr 36 mins,1.5,New Line Cinema,2010
A Nightmare on Elm Street 2: Freddy's Revenge,3.3,R,1 hr 26 mins,4.1,New Line Cinema,1985
A Nightmare on Elm Street 3: Dream Warriors,6.8,R,1 hr 37 mins,7.1,New Line Cinema,1987
A Nightmare on Elm Street 4: The Dream Master,4.3,R,1 hr 33 mins,5.2,New Line Cinema,1988
A Nightmare on Elm Street 5: The Dream Child,3.1,R,1 hr 30 mins,2.9,New Line Cinema,1989
No Country for Old Men,8.6,R,2 hrs 2 mins,9.3,Miramax,2007
No Time to Die,8.8,PG-13,2 hrs 44 mins,8.3,Metro-Goldwyn-Mayer,2021
Noah,4.1,PG-13,2 hrs 18 mins,7.6,Disruption Entertainment,2014
The Northman,6.4,R,2 hrs 17 mins,8.9,New Regency Pictures,2022
The Notebook,8.5,PG-13,2 hrs 4 mins,5.3,New Line Cinema,2004
Now You See Me,7,PG-13,2 hrs 5 mins,5.1,Summit Entertainment,2013
Now You See Me 2,5.3,PG-13,2 hrs 9 mins,3.3,Summit Entertainment,2016
The Nun,,R,1 hr 37 mins,5.8,New Line Cinema,2018
Ocean's Eight,4.6,PG-13,1 hr 50 mins,6.8,Village Roadshow Pictures,2018
Ocean's Eleven,8,PG-13,1 hr 57 mins,8.3,Village Roadshow Pictures,2001
Ocean's Thirteen,7.5,PG-13,2 hrs 2 mins,7,Village Roadshow Pictures,2007
Ocean's Twelve,6,PG-13,2 hrs 5 mins,5.5,Village Roadshow Pictures,2004
Octopussy,4.7,PG,2 hrs 11 mins,4.3,Eon Productions,1983
The Odd Life of Timothy Green,6.7,PG,1 hr 45 mins,3.6,Walt Disney Pictures,2012
Olympus Has Fallen,6.6,R,1 hr 59 mins,5,Millennium Films,2013
On Her Majesty's Secret Service,6.4,PG,2 hrs 22 mins,8,United Artists,1969
Once Upon a Time... In Hollywood,7,R,2 hrs 41 mins,8.5,Columbia Pictures,2019
One Flew Over the Cuckoo's Nest,9.6,R,2 hrs 14 mins,9.3,Fantasy Films,1975
The Other Guys,6,PG-13,1 hr 56 mins,7.8,Columbia Pictures,2010
Pacific Rim,7.7,PG-13,2 hrs 11 mins,7.2,Legendary Pictures,2013
Pacific Rim: Uprising,3.8,PG-13,1 hr 51 mins,4.2,Legendary Pictures,2018
Pan's Labyrinth,9.1,R,1 hr 59 mins,9.5,Estudios Picasso,2006
Parasite,,,2 hrs 12 mins,8.5,Barunson E&A,2019
The Passion of the Christ,8,R,2 hrs 7 mins,4.9,Icon Productions,2004
Patriot Games,7.2,R,1 hr 57 mins,7.4,Paramount,1992
Patriots Day,8.6,R,2 hrs 13 mins,8,CBS Films,2017
Paul Blart: Mall Cop,4.3,PG,1 hr 31 mins,3.4,Columbia Pictures,2009
Paul Blart: Mall Cop 2,3.3,PG,1 hr 34 mins,0.6,Columbia Pictures,2015
The Perks of Being a Wallflower,8.9,PG-13,1 hr 43 mins,8.5,Mr. Mudd Production,2012
Pet Sematary,5.9,R,1 hr 43 mins,5.3,Paramount,1989
Pet Sematary,3.2,R,1 hr 41 mins,5.7,Di Bonaventura Pictures,2019
Pet Sematary II,3,R,1 hr 40 mins,2.2,Paramount,1992
The Pianist,9.6,R,2 hrs 29 mins,9.5,Canal+ Polska,2002
Pineapple Express,,R,1 hr 57 mins,6.6,Columbia Pictures,2008
Pink Floyd: The Wall,8.9,R,1 hr 35 mins,7.1,Metro-Goldwyn-Mayer,1982
Pirates of the Caribbean: At World's End,,PG-13,2 hrs 48 mins,7.2,Walt Disney Pictures,2007
Pirates of the Caribbean: Dead Man's Chest,,,2 hrs 31 mins,7.3,Walt Disney Pictures,2006
Pirates of the Caribbean: Dead Men Tell No Tales,,PG-13,2 hrs 9 mins,6.6,Walt Disney Pictures,2017
Pirates of the Caribbean: On Stranger Tides,,PG-13,2 hrs 16 mins,6.5,Walt Disney Pictures,2011
Pirates of the Caribbean: The Curse of the Black Pearl,,PG-13,2 hrs 23 mins,7.8,Walt Disney Pictures,2003
Pitch Black,,R,1 hr 52 mins,6.8,Interscope Communications,2000
Pitch Perfect,8.3,PG-13,1 hr 52 mins,8.1,Gold Circle Films,2012
Pitch Perfect 2,6.4,PG-13,1 hr 55 mins,6.5,Universal Pictures,2015
Pitch Perfect 3,4.3,PG-13,1 hr 33 mins,2.8,Universal Pictures,2017
The Place Beyond the Pines,7.5,R,2 hrs 21 mins,7.8,Focus Features,2013
"Planes, Trains & Automobiles",8.7,R,1 hr 32 mins,9.2,Paramount,1987
Police Academy,6.4,R,1 hr 36 mins,5.7,Warner Bros. Pictures,1984
Poltergeist,7.9,PG,1 hr 54 mins,8.7,Metro-Goldwyn-Mayer,1982
The Poughkeepsie Tapes,5,R,1 hr 21 mins,6.7,Metro-Goldwyn-Mayer,2007
Prayers for Bobby,8.6,PG,1 hr 30 mins,7.3,Once Upon a Time Films,2009
Predator,8.7,R,1 hr 47 mins,8,20th Century Fox,1987
The Predator,3.3,R,1 hr 47 mins,3.3,20th Century Fox,2018
Predator 2,4.4,R,1 hr 48 mins,3,20th Century Fox,1990
Predators,5.2,R,1 hr 47 mins,6.5,20th Century Fox,2010
Premium Rush,6,PG-13,1 hr 31 mins,7.4,Pariah Entertainment Group,2012
The Prestige,9.2,PG-13,2 hrs 10 mins,7.6,Warner Bros. Pictures,2006
Prince of Persia: The Sands of Time,5.8,PG-13,1 hr 56 mins,3.7,Walt Disney Pictures,2010
Prometheus,,R,2 hrs 4 mins,6.5,20th Century Fox,2012
A Prophet,8.9,R,2 hrs 35 mins,9.6,France 2 Cinéma,2009
The Proposal,6.8,PG-13,1 hr 48 mins,4.5,Touchstone Pictures,2009
Pulp Fiction,9.6,R,2 hrs 34 mins,9.2,Miramax,1994
The Punisher,6.3,R,2 hrs 4 mins,2.9,Lions Gate Films,2004
The Purge,3.6,R,1 hr 25 mins,3.9,Universal Pictures,2013
The Purge: Anarchy,5.6,R,1 hr 44 mins,5.7,Why Not Productions,2014
The Purge: Election Year,4.8,R,1 hr 49 mins,5.5,Why Not Productions,2016
The Pursuit of Happyness,8.7,PG-13,1 hr 57 mins,6.7,Columbia Pictures,2006
Quantum of Solace,5.8,PG-13,1 hr 46 mins,6.4,Columbia Pictures,2008
A Quiet Place,,PG-13,1 hr 30 mins,7.4,Paramount,2018
A Quiet Place Part II,,PG-13,1 hr 37 mins,7.6,Paramount,2020
Raging Bull,9.3,R,2 hrs 9 mins,9.4,United Artists,1980
The Raid 2,8.7,R,2 hrs 30 mins,8.2,XYZ Films,2014
The Raid: Redemption,8.7,R,1 hr 41 mins,8.7,Celluloid Dreams,2012
Rambo,6.9,R,1 hr 39 mins,3.7,Nu Image,2008
Rambo III,4.5,R,1 hr 41 mins,4,Carolco Pictures,1988
Rambo: First Blood,8.5,R,1 hr 33 mins,8.6,Orion Pictures,1982
Rambo: First Blood Part II,6,R,1 hr 36 mins,3.3,TriStar Pictures,1985
Rambo: Last Blood,8.1,R,1 hr 29 mins,2.7,Millennium Films,2019
Rampage,7.2,PG-13,1 hr 47 mins,5.1,New Line Cinema,2018
Rampage,,PG-13,1 hr 47 mins,6.5,New Line Cinema,2018
Rat Race,6.4,PG-13,1 hr 52 mins,4.4,Paramount,2001
Ready Player One,7.7,PG-13,2 hrs 20 mins,7.2,Amblin Entertainment,2018
[REC],8.2,R,1 hr 16 mins,9,Filmax,2007
[REC] 2,6,R,1 hr 24 mins,6.8,Filmax,2009
[REC]³ Genesis,2.7,R,1 hr 20 mins,4.2,Filmax,2012
[REC]⁴ Apocalypse,3.4,R,1 hr 35 mins,6.8,Filmax,2014
Red Dragon,7.4,R,2 hrs 4 mins,6.8,Universal Pictures,2002
Remember the Titans,9.3,PG,1 hr 53 mins,7.3,Jerry Bruckheimer Films,2000
Requiem for a Dream,9.3,R,1 hr 41 mins,7.9,Artisan Entertainment,2000
Reservoir Dogs,9.4,R,1 hr 39 mins,9,Live Entertainment,1992
Revenge of the Nerds,7.3,R,1 hr 30 mins,7.1,20th Century Fox,1984
Riddick,,R,2 hrs 7 mins,6.3,Universal Pictures,2013
Rise of the Planet of the Apes,,,1 hr 45 mins,7.3,20th Century Fox,2011
The Road,6.8,R,1 hr 53 mins,7.3,Dimension Films,2009
RoboCop,8.4,R,1 hr 44 mins,9.1,Orion Pictures,1987
RoboCop 2,,R,1 hr 57 mins,5.9,Orion Pictures,1990
RoboCop 3,,PG-13,1 hr 45 mins,4.7,Orion Pictures,1993
Rocky,,PG,1 hr 60 mins,7.8,Winkler Films,1976
Rocky Balboa,,PG,1 hr 42 mins,6.8,Columbia Pictures,2006
Rocky II,,PG,1 hr 59 mins,7.2,United Artists,1979
Rocky III,,PG,1 hr 40 mins,6.8,United Artists,1982
Rocky IV,7.8,PG,1 hr 34 mins,3.7,United Artists,1985
Rocky V,,PG-13,1 hr 44 mins,5.7,United Artists,1990
Rogue One: A Star Wars Story,,PG-13,2 hrs 14 mins,7.5,Lucasfilm,2016
Romeo + Juliet,6.7,PG-13,2 hrs,,20th Century Fox,1996
Romeo and Juliet,7.4,PG,2 hrs 18 mins,9.5,Paramount,1968
The Room,4.7,R,1 hr 40 mins,2.6,Chloe Productions,2003
Room,9.3,R,1 hr 58 mins,9.3,Téléfilm Canada,2015
Rush Hour,7.8,PG-13,1 hr 38 mins,6.1,Roger Birnbaum Productions,1998
Rush Hour 2,7.4,PG-13,1 hr 30 mins,5.2,New Line Cinema,2001
Rush Hour 3,6.3,PG-13,1 hr 31 mins,1.7,New Line Cinema,2007
"Salò, or the 120 Days of Sodom",6.3,Not Rated,1 hr 57 mins,6.9,Produzioni Europee Associate (PEA),1975
Saving Private Ryan,9.5,R,2 hrs 49 mins,9.3,Paramount,1998
Saw,8.4,R,1 hr 43 mins,5.1,Twisted Pictures,2004
Saw II,5.9,R,1 hr 35 mins,3.7,Got Films,2005
Saw III,7.1,R,2 hrs,2.9,Twisted Pictures,2006
Saw IV,6.2,R,1 hr 36 mins,1.9,Twisted Pictures,2007
Saw V,5.2,R,1 hr 35 mins,1.3,Lionsgate,2008
Saw VI,4.8,R,1 hr 32 mins,4,Lionsgate,2009
Saw: The Final Chapter,4.1,R,1 hr 30 mins,1,Lionsgate,2010
Scarface,9.3,R,2 hrs 50 mins,8.1,Universal Pictures,1983
Scary Movie,4.3,R,1 hr 28 mins,5.2,Gold/Miller Productions,2000
Scary Movie 2,5.2,R,1 hr 22 mins,1.4,Gold/Miller Productions,2001
Scary Movie 3,5.4,PG-13,1 hr 26 mins,3.5,Dimension Films,2003
Scary Movie 4,5.1,PG-13,1 hr 30 mins,3.5,Miramax,2006
Scary Movie 5,3.8,PG-13,1 hr 28 mins,0.4,Dimension Films,2013
Schindler's List,,R,3 hrs 15 mins,8.6,Universal Pictures,1993
The Scorpion King,3.7,PG-13,1 hr 31 mins,4.1,Universal Pictures,2002
Scott Pilgrim vs. the World,8.4,PG-13,1 hr 52 mins,8.2,Universal Pictures,2010
Scream,7.9,R,1 hr 51 mins,7.9,Dimension Films,1996
Scream,8.1,R,1 hr 54 mins,7.6,Paramount,2022
Scream 2,5.7,R,2 hrs,8.1,Konrad Pictures,1997
Scream 3,3.7,R,1 hr 57 mins,4.1,Konrad Pictures,2000
Scream 4,5.6,R,1 hr 51 mins,6.1,Dimension Films,2011
Se7en,9.5,R,2 hrs 7 mins,8.2,New Line Cinema,1995
Seed of Chucky,3.8,R,1 hr 27 mins,3.4,Rogue Pictures,2004
A Serbian Film,4.3,NC-17,1 hr 44 mins,4.7,Contra Film,2010
Seven Pounds,7.5,PG-13,2 hrs 3 mins,2.7,Columbia Pictures,2008
Shang-Chi and the Legend of the Ten Rings,,PG-13,2 hrs 12 mins,7.7,Marvel Studios,2021
The Shape of Water,7.2,R,2 hrs 3 mins,9.2,Double Dare You Productions,2017
Shaun of the Dead,9.3,R,1 hr 39 mins,9.2,WT2 Productions,2004
The Shawshank Redemption,9.8,R,2 hrs 23 mins,9.1,Columbia Pictures,1994
Shazam!,,PG-13,2 hrs 12 mins,7.1,New Line Cinema,2019
The Shining,9.3,R,2 hrs 24 mins,8.4,Hawk Films,1980
Silence,6.9,R,2 hrs 41 mins,8.3,Waypoint Entertainment,2017
The Silence of the Lambs,9.5,R,1 hr 59 mins,9.5,Orion Pictures,1991
Silent Hill,6.3,R,2 hrs 5 mins,3.2,Silent Hill DCP Inc.,2006
Silver Linings Playbook,8.6,R,2 hrs 2 mins,9.2,The Weinstein Company,2012
The Simpsons Movie,7.7,PG-13,1 hr 27 mins,8.7,AKOM Production Company,2007
Sin City,7.8,R,2 hrs 22 mins,7.7,Dimension Films,2005
Sin City: A Dame to Kill For,4.4,R,1 hr 42 mins,4.2,Residaco,2014
Skyfall,8.6,PG-13,2 hrs 23 mins,9.2,Columbia Pictures,2012
Slumdog Millionaire,9,R,2 hrs,9.1,Celador Films,2008
Snatched,,R,1 hr 31 mins,5.4,20th Century Fox,2017
Snow White and the Huntsman,5.2,PG-13,2 hrs 12 mins,4.9,Universal Pictures,2012
Snowpiercer,7.2,R,2 hrs 6 mins,9.4,CJ Entertainment,2013
The Snowtown Murders,6.6,Not Rated,2 hrs,8.4,Screen Australia,2011
The Social Network,8.7,PG-13,2 hrs,9.6,Columbia Pictures,2010
Solo: A Star Wars Story,,PG-13,2 hrs 15 mins,6.6,Lucasfilm,2018
Son of Saul,,R,1 hr 47 mins,7.1,Laokoon Filmgroup,2015
Spaceballs,8.3,PG,1 hr 36 mins,5.6,Metro-Goldwyn-Mayer,1987
Spectre,6.1,PG-13,2 hrs 28 mins,6.3,Columbia Pictures,2015
Speed,7.6,R,1 hr 56 mins,9.4,20th Century Fox,1994
Spider-Man,,PG-13,2 hrs 1 min,7.2,Laura Ziskin Productions,2002
Spider-Man 2,,PG-13,2 hrs 7 mins,7.2,Laura Ziskin Productions,2004
Spider-Man 3,,PG-13,2 hrs 19 mins,6.4,Laura Ziskin Productions,2007
Spider-Man: Far From Home,,PG-13,2 hrs 9 mins,7.5,Columbia Pictures,2019
Spider-Man: Homecoming,,PG-13,2 hrs 13 mins,7.4,Marvel Studios,2017
Spider-Man: Into the Spider-Verse,,PG,1 hr 57 mins,8.4,Columbia Pictures,2018
Spider-Man: No Way Home,,PG-13,2 hrs 28 mins,8.1,Columbia Pictures,2021
Spiral,7.5,R,1 hr 33 mins,3.7,Twisted Pictures,2021
Split,,,1 hr 57 mins,7.3,Universal Pictures,2016
The Spy Who Loved Me,7.6,PG,2 hrs 6 mins,8.1,United Artists,1977
Star Trek,9.1,PG-13,2 hrs 7 mins,9.4,Paramount,2009
Star Trek Beyond,8,PG-13,2 hrs 2 mins,8.6,Paramount,2016
Star Trek II: The Wrath of Khan,9,PG,1 hr 57 mins,8.6,Paramount,1982
Star Trek III: The Search for Spock,6.5,PG,1 hr 45 mins,7.9,Paramount,1984
Star Trek Into Darkness,8.9,PG-13,2 hrs 12 mins,8.4,Paramount,2013
Star Trek IV: The Voyage Home,8.1,PG,1 hr 59 mins,8.2,Paramount,1986
Star Trek V: The Final Frontier,2.4,PG,1 hr 47 mins,2.2,Paramount,1989
Star Trek VI: The Undiscovered Country,8.3,PG,1 hr 50 mins,8.2,Paramount,1991
Star Trek: First Contact,8.9,PG-13,1 hr 51 mins,9.2,Paramount,1996
Star Trek: Generations,5.7,PG,1 hr 58 mins,4.7,Paramount,1994
Star Trek: Insurrection,4.4,PG,1 hr 43 mins,5.4,Paramount,1998
Star Trek: Nemesis,4.9,PG-13,1 hr 57 mins,3.8,Paramount,2002
Star Trek: The Motion Picture,4.2,PG,2 hrs 12 mins,4.9,Paramount,1979
Star Wars: Episode I - The Phantom Menace,,PG,2 hrs 16 mins,6.5,Lucasfilm,1999
Star Wars: Episode II - Attack of the Clones,,PG,2 hrs 22 mins,6.5,Lucasfilm,2002
Star Wars: Episode III - Revenge of the Sith,,PG-13,2 hrs 20 mins,7.4,Lucasfilm,2005
Star Wars: Episode IV - A New Hope,,,2 hrs 5 mins,8.2,Lucasfilm,1977
Star Wars: Episode IX - The Rise of Skywalker,,PG-13,2 hrs 22 mins,6.4,Lucasfilm,2019
Star Wars: Episode V - The Empire Strikes Back,,PG,2 hrs 7 mins,8.4,Lucasfilm,1980
Star Wars: Episode VI - Return of the Jedi,,PG,2 hrs 15 mins,7.9,Lucasfilm,1983
Star Wars: Episode VII - The Force Awakens,,PG-13,2 hrs 18 mins,7.3,Lucasfilm,2015
Star Wars: Episode VIII - The Last Jedi,,PG-13,2 hrs 32 mins,6.9,Lucasfilm,2017
Starship Troopers,7,R,2 hrs 10 mins,6.6,Touchstone Pictures,1997
Stay Alive,5.5,PG-13,1 hr 26 mins,1,Spyglass Entertainment,2006
Step Brothers,6.9,R,1 hr 46 mins,5.5,Columbia Pictures,2008
Straight Outta Compton,9.1,R,2 hrs 47 mins,8.9,New Line Cinema,2015
Suicide Squad,,PG-13,2 hrs 15 mins,5.9,Warner Bros. Pictures,2016
The Suicide Squad,,R,2 hrs 12 mins,7.7,Warner Bros. Pictures,2021
Sully,8.4,PG-13,1 hr 36 mins,8.5,Malpaso Productions,2016
The Sum of All Fears,4.9,PG-13,2 hrs 4 mins,5.9,Paramount,2002
Super,5.6,R,1 hr 36 mins,4.9,This Is That Productions,2011
Super 8,7.5,PG-13,1 hr 52 mins,8.1,Paramount,2011
Superbad,,R,1 hr 59 mins,7.2,Columbia Pictures,2007
Superhero Movie,3.2,PG-13,1 hr 22 mins,1.7,Dimension Films,2008
Superman,8.6,PG,2 hrs 23 mins,9.4,Warner Bros. Pictures,1978
Superman II,7.6,PG,2 hrs 8 mins,8.2,Warner Bros. Pictures,1980
Superman III,2.3,PG,2 hrs 5 mins,2.9,Warner Bros. Pictures,1983
Superman IV: The Quest for Peace,1.6,PG,1 hr 30 mins,1,Warner Bros. Pictures,1987
Superman Returns,6.1,PG-13,2 hrs 34 mins,7.4,Warner Bros. Pictures,2006
Survival of the Dead,1.9,R,1 hr 30 mins,3,Blank of the Dead Productions,2010
Sweeney Todd: The Demon Barber of Fleet Street,8.1,R,1 hr 56 mins,8.6,Tim Burton Productions,2007
Taken,8.5,PG-13,1 hr 33 mins,5.9,20th Century Fox,2008
Taken 2,5.2,PG-13,1 hr 38 mins,2.2,20th Century Fox,2012
Taken 3,4.3,PG-13,1 hr 55 mins,1.3,20th Century Fox,2015
Talladega Nights: The Ballad of Ricky Bobby,7.3,PG-13,2 hrs 1 min,7.1,Columbia Pictures,2006
Taxi Driver,9.3,R,1 hr 54 mins,9.6,Columbia Pictures,1976
Team America: World Police,8,R,1 hr 38 mins,7.7,Paramount,2004
Ted,,R,1 hr 52 mins,6.4,Universal Pictures,2012
Ted 2,,R,2 hrs 6 mins,6.3,Universal Pictures,2015
The Ten Commandments,8.7,G,3 hrs 52 mins,8.6,Paramount,1956
Tenacious D in The Pick of Destiny,,R,1 hr 34 mins,6.7,New Line Cinema,2006
The Terminator,,R,1 hr 47 mins,7.6,Orion Pictures,1984
Terminator 2: Judgment Day,,R,2 hrs 17 mins,8.1,Carolco Pictures,1991
Terminator 3: Rise of the Machines,,R,1 hr 49 mins,6.1,Columbia Pictures,2003
Terminator Genisys,,PG-13,2 hrs 6 mins,5.9,Paramount,2015
Terminator Salvation,,PG-13,1 hr 58 mins,6,Columbia Pictures,2009
Terminator: Dark Fate,,R,2 hrs 8 mins,6.5,Paramount,2019
The Texas Chain Saw Massacre,8.2,R,1 hr 23 mins,8.9,Vortex,1974
Thank You for Smoking,8.7,R,1 hr 32 mins,8.6,TYFS Productions LLC,2006
There Will Be Blood,8.6,R,2 hrs 38 mins,9.1,Paramount Vantage,2008
Thirst,7.5,R,2 hrs 28 mins,8,CJ Entertainment,2009
This Is the End,7.1,R,1 hr 47 mins,8.3,Columbia Pictures,2013
Thor,,PG-13,1 hr 55 mins,6.8,Marvel Studios,2011
Thor: Ragnarok,,PG-13,2 hrs 11 mins,7.6,Marvel Studios,2017
Thor: The Dark World,,PG-13,1 hr 52 mins,6.6,Marvel Studios,2013
Threads,9.2,TV-MA,1 hr 57 mins,10,Western-World Television Inc.,1984
Threat Level Midnight: The Movie [MEME],,,25 mins,,Great Scott Films International,2011
Thunderball,7.3,PG,2 hrs 10 mins,8.7,United Artists,1965
Titanic,6.9,PG-13,3 hrs 15 mins,8.7,Paramount,1997
Tomb Raider,,PG-13,1 hr 58 mins,6.4,Metro-Goldwyn-Mayer,2018
Tomorrow Never Dies,5.3,PG-13,1 hr 59 mins,5.6,United Artists,1997
TPB AFK: The Pirate Bay Away from Keyboard,6.8,Not Rated,1 hr 22 mins,,Piraya Film,2013
Trading Places,8.4,R,1 hr 56 mins,8.8,Paramount,1983
Train to Busan,,NR,1 hr 58 mins,7.8,Next Entertainment World,2016
Transformers,,PG-13,2 hrs 23 mins,6.7,Paramount,2007
Transformers: Age of Extinction,,PG-13,2 hrs 45 mins,5.9,Paramount,2014
Transformers: Dark of the Moon,,PG-13,2 hrs 34 mins,6.1,Paramount,2011
Transformers: Revenge of the Fallen,,PG-13,2 hrs 30 mins,6.1,Paramount,2009
Transformers: The Last Knight,,PG-13,2 hrs 35 mins,6.1,Paramount,2017
TRON,6.9,PG,1 hr 36 mins,7.1,Lisberger/Kushner,1982
TRON: Legacy,6.3,PG,2 hrs 5 mins,5.1,Revolution Sun Studios,2010
Tropic Thunder,7,R,2 hrs 1 min,8.2,DreamWorks Pictures,2008
Troy,7.3,R,3 hrs 16 mins,5.4,Warner Bros. Pictures,2004
Tusk,3.6,R,1 hr 42 mins,4.6,Phase 4 Films,2014
Twilight,7.2,PG-13,2 hrs 2 mins,4.9,Summit Entertainment,2008
The Twilight Saga: Breaking Dawn - Part 1,6,PG-13,1 hr 57 mins,2.5,Summit Entertainment,2011
The Twilight Saga: Breaking Dawn - Part 2,7,PG-13,1 hr 55 mins,4.9,Summit Entertainment,2012
The Twilight Saga: Eclipse,6,PG-13,2 hrs 4 mins,4.8,Summit Entertainment,2010
The Twilight Saga: New Moon,6.1,PG-13,2 hrs 11 mins,2.9,Summit Entertainment,2009
Unbreakable,,PG-13,1 hr 47 mins,7.1,Limited Edition Productions Inc.,2000
Uncharted,,PG-13,1 hr 56 mins,7,Columbia Pictures,2022
Under the Silver Lake,,,2 hrs 19 mins,6.4,Michael De Luca Productions,2018
Underworld,7.9,R,2 hrs 14 mins,3.1,Screen Gems,2003
Underworld: Awakening,6.2,R,1 hr 29 mins,2.6,Screen Gems,2012
Underworld: Blood Wars,4.9,R,1 hr 32 mins,2.1,Lakeshore Entertainment,2016
Underworld: Evolution,7.2,R,1 hr 46 mins,1.7,Screen Gems,2006
Underworld: Rise of the Lycans,6.3,R,1 hr 32 mins,2.9,Screen Gems,2009
Us,,R,1 hr 56 mins,7,Universal Pictures,2019
V for Vendetta,9,R,2 hrs 13 mins,7.3,Studio Babelsberg,2006
Valhalla Rising,4.9,Not Rated,1 hr 33 mins,7.4,BBC Films,2010
Valkyrie,6.5,PG-13,2 hrs,6.2,United Artists,2008
Venom,,PG-13,1 hr 52 mins,6.8,Marvel Entertainment,2018
Venom: Let There Be Carnage,,PG-13,1 hr 37 mins,7,Columbia Pictures,2021
A Very Harold & Kumar Christmas,5.9,R,1 hr 36 mins,6.8,New Line Cinema,2011
A View to a Kill,4,PG,2 hrs 11 mins,3.8,United Artists,1985
The Vow,6.3,PG-13,1 hr 44 mins,3.1,Spyglass Entertainment,2012
War Dogs,6.9,R,1 hr 54 mins,6.1,The Mark Gordon Company,2016
War for the Planet of the Apes,,PG-13,2 hrs 20 mins,7.1,20th Century Fox,2017
The War of the Worlds,7.1,PG,1 hr 26 mins,8.9,Paramount,1953
War of the Worlds,4.2,PG-13,1 hr 57 mins,7.5,Paramount,2005
Warcraft,7.6,PG-13,2 hrs 3 mins,2.8,Universal Pictures,2016
WarGames,7.6,PG,1 hr 53 mins,9.3,United Artists,1983
Watchmen,7.1,R,3 hrs 35 mins,6.5,DC Comics,2009
Waterworld,4.3,PG-13,2 hrs 57 mins,4.5,Universal Pictures,1995
We Need to Talk About Kevin,7.8,R,1 hr 52 mins,7.5,BBC Films,2011
We're the Millers,7.2,R,1 hr 59 mins,4.9,New Line Cinema,2013
Wedding Crashers,7,R,2 hrs 7 mins,7.5,New Line Cinema,2005
Weekend at Bernie's,5.7,PG-13,1 hr 38 mins,5.2,20th Century Fox,1989
Wes Craven's New Nightmare,6.6,R,1 hr 52 mins,7.8,New Line Cinema,1994
When Harry Met Sally...,8.9,R,1 hr 36 mins,9.1,Castle Rock Entertainment,1989
Whiplash,,,1 hr 47 mins,8.4,Bold Films,2014
Whiskey Tango Foxtrot,5.4,R,1 hr 52 mins,6.7,Paramount,2016
White House Down,6.2,PG-13,2 hrs 12 mins,5.2,Iron Horse Entertainment,2013
Why Him?,5.1,R,1 hr 51 mins,3.9,21 Laps Entertainment,2016
The Wolf of Wall Street,8.3,R,2 hrs 60 mins,7.9,EMJAG Productions,2013
The Wolverine,,PG-13,2 hrs 18 mins,6.4,20th Century Fox,2013
Wonder Woman,,PG-13,2 hrs 21 mins,7.2,Atlas Entertainment,2017
Wonder Woman 1984,,PG-13,2 hrs 31 mins,6.6,Warner Bros. Pictures,2020
The World Is Not Enough,4.9,PG-13,2 hrs 8 mins,5.2,Metro-Goldwyn-Mayer,1999
World War Z,7.2,PG-13,2 hrs 3 mins,6.6,Paramount,2013
Wrath of the Titans,4.9,PG-13,1 hr 40 mins,2.6,Warner Bros. Pictures,2012
X-Men,,PG-13,1 hr 44 mins,7,20th Century Fox,2000
X-Men Origins: Wolverine,,PG-13,1 hr 47 mins,6.3,20th Century Fox,2009
X-Men: Apocalypse,,PG-13,2 hrs 24 mins,6.5,20th Century Fox,2016
X-Men: Days of Future Past,,PG-13,2 hrs 29 mins,7.5,20th Century Fox,2014
X-Men: First Class,,PG-13,2 hrs 12 mins,7.3,20th Century Fox,2011
X-Men: The Last Stand,,PG-13,1 hr 44 mins,6.4,20th Century Fox,2006
X2,,PG-13,2 hrs 14 mins,7,20th Century Fox,2003
xXx,5.8,PG-13,2 hrs 4 mins,4.9,Columbia Pictures,2002
xXx: Return of Xander Cage,3.7,PG-13,1 hr 47 mins,4.5,Rox Productions,2017
xXx: State of the Union,3.2,PG-13,1 hr 41 mins,1.7,Revolution Studios,2005
You Only Live Twice,6.8,PG,1 hr 57 mins,7.3,United Artists,1967
Zack Snyder's Justice League,,R,4 hrs 2 mins,8.3,Warner Bros. Pictures,2021
Zathura: A Space Adventure,5.1,PG,1 hr 41 mins,7.6,Teitler Film,2005
Zero Dark Thirty,8,R,2 hrs 37 mins,9.1,Columbia Pictures,2013
Zero Day,7.8,Not Rated,1 hr 32 mins,6.8,Professor Bright Films,2004
Zodiac,7.7,R,2 hrs 43 mins,8.9,Paramount,2007
Zombieland,8.6,R,1 hr 28 mins,8.9,Pariah,2009
Zombieland: Double Tap,8.8,R,1 hr 39 mins,6.8,Pariah,2019
